{"cameraMode":{"drawMode":0,"name":"Shaded","section":"Shading Mode"},"sceneLighting":false,"audioPlay":false,"sceneViewState":{"m_AlwaysRefresh":false,"showFog":true,"showSkybox":false,"showFlares":true,"showImageEffects":true,"showParticleSystems":true,"showVisualEffectGraphs":true,"m_FxEnabled":true},"in2DMode":false,"pivot":{"x":0.6119999885559082,"y":0.4129999876022339,"z":0.1809999942779541},"rotation":{"x":-0.014741538092494011,"y":0.7474468350410461,"z":-0.6639524102210999,"w":-0.01659530960023403},"size":1.591814637184143,"orthographic":false}